Company Name,Website,Email(s)
16 PIXEL,https://16days.thepixelproject.net/contact-us/,info@thepixelproject.net
1RIVET,https://www.1rivet.com/careers,jobs@1rivet.com
3NI INFOTECH,https://www.3i-infotech.com/careers/,Queriesmarketing@3i-infotech.com
4TYSIX APP LABS LLP,https://www.4tysix.tech/,info@4tysix.techLinked
5 PAISA CAPITAL LIMITED,https://www.5paisa.com/contact-us,"support@5paisa.com, Queriesdp.grievance@5paisa.com, CISO@5paisa.com."
AAC STUDIO LLP,Not found,No email found
ACE INFOWAYS,Not found,No email found
ADSUM ORIGINATOR LLP,https://adsumoriginator.com/contact-us,hr@adsumoriginator.com
AGEVOLE INNOVATION PVT LTD,https://agevole.in/contact/,"inquiry@agevole.in, 83505inquiry@agevole.in"
AGEVOLE INNOVATION PVT. LTD,https://agevole.in/contact/,"inquiry@agevole.in, 83505inquiry@agevole.in"
AHURA TECHNOSOFT LLP,Not found,No email found
AIP EXPERTS,https://aipxperts.com/careers/,"sales@aipxperts.com, hr@aipxperts.com"
AKSHAR SOFT SOLUTIONS,https://aksharsoftsolutions.com/,contact@aksharsoftsolutions.com
ALIAN SOFTWARE,https://aliansoftware.com/contact-us/,"hr@aliansoftware.netHire, sales@aliansoftware.nethr, hr@aliansoftware.netAhmebabadAddress629, Developerssales@aliansoftware.net02692-297-820ServicesFrontend, Us02692-297-820Emailsales@aliansoftware.net"
ALMASHINES,Not found,No email found
ALOIS SOLUTIONS,Not found,No email found
ALPHA E BARCODE SOLUTIONS,https://www.alphaebarcode.com/career,"support@alphaebarcode.com, sales@alphaebarcode.com"
AMRI SYSTEMS PVT. LTD.,https://www.linkedin.com/posts/amri-systems_hiring-businessdevelopment-bdejobs-activity-7276824066836099072-Zwj7,"digvijay.amrisystems@gmail.com., ishnoor@wicommfi.com, harshita.patidar@chplgroup.org"
ANANDORJA LLP,Not found,No email found
ANBLICKS,https://www.anblicks.com/contact-us/,marketing@anblicks.com
APLOMB TECHNOLOGY,https://www.aplombtechnology.com/careers,info@playoutsoftware.com
"APPLIED INFORMATICS, INC.",https://appliedinformaticsinc.com/,info@appliedinformaticsinc.com
APPUNIK,Not found,No email found
ARGUSOFT,https://www.argusoft.com/,"info@argusoft.com, jobs@argusoft.com"
ARHAM TECHNOSOFT,https://arhamtechnosoft.com/careers/,"info@arhamtechnosoft.com, Teaminfo@arhamtechnosoft.comEvents, hr@arhamtechnosoft.com"
ARKSOFT AI,https://in.linkedin.com/company/arkintelligence,contact@arkintelligence.in.
ARSENAL TECH,https://www.jobtatkal.com/org/arsenaltech,hr@arsenaltech.com
ARTH TECHNOLOGY,https://arthtechnology.com/careers.html,contact@arthtechnology.com
ARTRUE INFOTECH,Not found,No email found
ASTRON E-SERVICES PRIVATE LIMITED,Not found,No email found
ATH SOFTWARE SOLUTIONS,https://www.athinfosys.com/ContactUs.aspx,atsupport@athinfosys.com
ATYANTIK TECHNOLOGIES,https://atyantik.com/careers/,contact@atyantik.com
AUGMETIC,https://www.augmetic.co.uk/career,waysEmailinfo@augmetic.co.ukPhone
AUGMETIC (THE SIGNATURE DESIGN AND WEB SOLUTIONS),https://www.augmetic.co.uk/,waysEmailinfo@augmetic.co.ukPhone
AVESTA TECHNOLOGIES,https://avestatechnologies.com/career/,info@avestatechnologies.com
AVESTA TECHNOLOGIES ,https://avestatechnologies.com/career/,info@avestatechnologies.com
AVIANSOFT,Not found,No email found
AVM COMPUTERS PVT. LTD,http://www.avmcomputer.com/,"info@avmcomputer.com, account@avmcomputer.com"
BACANCY,Not found,No email found
BAISCO PVT LTD.,https://www.falconebiz.com/company/BAISCO-PRIVATE-LIMITED-U34300KA2022PTC161329,y16.96@gmail.com
BARUZOTECH PVT LTD,Not found,No email found
BISAG,https://bisag.wordpress.com/contact-us/,"ronakp950@gmaiol.com, info@bisag.gujarat.gov.in"
BISAG-N,Not found,No email found
BITSCAPE,https://www.salezshark.com/company/bitscape-infotech-pvt-ltd,"name@bitscape.com, name@bitscape.com., name@gmail.com"
BLUE DATA CONSULTING,Not found,No email found
BOSC TECH LABS ,Not found,No email found
BRAINYBEAM TECHNOLOGIES PVT. LTD.,https://www.brainybeam.com/contact.php,contact@brainybeam.com
BRANDONLINE,https://in.linkedin.com/company/brandonline,contact@brandonline.io
BVMINFOTECH,https://bvminfotech.com/career/,hr@bvminfotech.com
BYTERIDGE,https://byteridge.com/careers/,team-hiring@byteridge.com
BYTEZTECH,https://in.linkedin.com/company/byteztech,hr@byteztech.in
CALENDAR INFOTECH,Not found,No email found
CANDIDROOT SOLUTIONS PVT. LTD.,https://www.candidroot.com/jobs,"info@candidroot.com, hr@candidroot.com"
CAPAGEMINI,https://www.capgemini.com/in-en/contact-us/,"cgcompanysecretary.in@capgemini.com, cg_interview_helpdesk.in@capgemini.com, retiralshelpdesk.in@neocasemail.com, cgp2phelpdesk.in@capgemini.com, offboardingservices.in@capgemini.com, bgv.in@capgemini.com"
CAPERMINT,https://www.capermint.com/contact/,"hr@capermint.com, hello@capermint.com"
CELEBAL,https://celebaltech.com/,enterprisesales@celebaltech.com3rd
CELEBAL TECHNOLOGIES,https://celebaltech.com/,enterprisesales@celebaltech.com3rd
CENTURION INFOTECH,https://www.linkedin.com/company/centurion-technologies-llc,sales@centuriontechnologies.com
CHARUSAT MOTOROLA SOLUTIONS,https://www.charusat.ac.in/careers,21info@charusat.ac.inMon
CHARUSAT SPACE RESEARCH CENTER,https://www.charusat.ac.in/careers,21info@charusat.ac.inMon
CITADEL,https://www.citadel.edu/human-resources/careers/,"hr@citadel.edu, payroll@citadel.edu"
CODAL SYSTEM,https://cleartax.in/f/company/codal-systems-private-limited/U72200GJ2014PTC079556/,"danny@codal.comRegistered, danny@codal.com"
CODE EXPERT SOLUTION ,https://codexperts.in/contact,"nikunj@codexperts.in, codexpertsolutions@gmail.com"
CODENTIC SOFTWARE ,https://in.linkedin.com/company/codentic-software,career@codenticsoftware.com
CODESKET PVT LTD,Not found,No email found
CODINGZEN,https://codingzen.in/contact-us/,"info@codingzen.in, Hello@codingzen.in, service@codingzen.in"
CONCORDINSIGHT,https://www.intelius.com/phone/1-781-932-1231/,"soth2@hotmail.com, amainordaa@gmail.com, socmcgalt@sbcglobal.net, michael.landers@usmc.mil, bfd1313@softcom.net, m.landers@connectinsight.com, landerm1@hotmail.com, olanderos@gmail.com, soth81@gmail.com, tarajadams@hotmail.com, asymcahq@gmail.com, chriss3barbie@sbcglobal.net, m2landers@aol.com, unyqka1234@yahoo.com, michael@concordinsight.com, seventy454@aol.com, mlanders@softcom.net, milanders747@gmail.com, miriamlandau@comcast.net, michaellanders@sbcglobal.net, rijel7@hotmail.com, backwoodbass@yahoo.com, hdriders@softcom.net, mdlanders@mediaone.net, backwoodbass@gmail.com, mikelanders@aol.com, milanders747@gmail.com., mikedlanders@comcast.net, lawrence.landers012@gmail.com, landerm1@verizon.net, jljordan1100@gmail.com, unyqka@yahoo.com"
CONVERSIOS,Not found,No email found
COVRIZE IT,https://www.covrize.com/careers/,info@covrize.comP.
CRAFTBOX TECHNOLOGY,https://craftboxtechnology.com/contact-us/,"sales@craftbox.in, support@craftbox.in, hr@craftbox.in"
CREST DATA SYSTEMS,https://www.crestdata.ai/contact-us,"Informationinfo@crestdata.ai, Careerscareers@crestdata.ai, Salessales@crestdata.ai"
CREST INFOSYSTEM,https://in.linkedin.com/company/crest-infosystems-pvt-ltd,hr@crestinfosystems.com
CREST INFOSYSTEMS,https://in.linkedin.com/company/crest-infosystems-pvt-ltd,hr@crestinfosystems.com
CRYSTAL CUBE,https://crystalcubeinfotech.com/contact,"globally.crystalcubeinfotech@gmail.com, team.info@crystalcubeinfotech.com, projectsyagnik@crystalcubeinfotech.com, toolsinfo@crystalcubeinfotech.com"
CSRTC,https://gsrtc.in/site/downloads/innerPages/contactUs.html,Erefund@gsrtc.in
CYGBIT IT SOLUTIONS,https://www.cygbit.com/,info@cygbit.com
DATAGROKR ANALYTICS PRIVATE LIMITED,https://cleartax.in/f/company/datagrokr-analytics-private-limited/U72900KA2016FTC092831/,"naveen.gainedi@gmail.com, naveen.gainedi@gmail.comRegistered"
DEDIKH TECHNOLOGIES PRIVATE LIMITED,Not found,No email found
DEVKRUTI TECH,https://devkrutitech.com/contact/,info@devkrutitech.com
DEVOTEE INFOTECH,https://www.devoteeinfotech.com/contact,"hr@devoteeinfotech.com, info@devoteeinfotech.com"
DHARAMSI MORARJI CHEMICAL CO. LTD.,https://www.dmcc.com/careers,"info@dmcc.com, jobs@dmcc.com."
DHYEY TECHNOLOGIES OPC PVT LTD,Not found,No email found
DIGIKENTRO ,https://www.digikentro.com/contact,48164CONTACThello@digikentro.com
DIGIQB SOLUTION,Not found,No email found
DIGITAL FOR HUMANITY,Not found,No email found
DIGITAL ROOAR,https://www.digitalrooar.com.au/contact/,"chintan@digitalrooar.com.au, info@digitalrooar.com.au, hiren@digitalrooar.com.au"
DIGITALROOAR,https://www.digitalrooar.com.au/contact/,"chintan@digitalrooar.com.au, info@digitalrooar.com.au, hiren@digitalrooar.com.au"
DIVERSITY INFOTECH,https://www.linkedin.com/posts/diversity-infotech_surat-suratjobs-suratcity-activity-7101171606458183680-UpEg,hrdiversityinfotech@gmail.com
DOT3 SOLUTIONS,Not found,No email found
DOTS AND COM,https://in.linkedin.com/company/dots-&-coms,hr@dotscoms.com
DSU INFOTECH,https://www.dsu.edu.in/careers,"enquiry@dsu.edu.in, dsat@dsu.edu.in, admissions@dsuonline.com, international-admissions@dsu.edu.in, admissions@dsu.edu.in"
DTECH STUDIO,https://dtechstudio.in/,info@dtechstudio.in
DTECH STUDIOS,https://dtechstudio.in/,info@dtechstudio.in
DTI AUTOMATION PVT. LTD.,Not found,No email found
DURVASA INFOTECH,https://in.linkedin.com/company/durvasainfotech,hello@durvasainfotech.com
DWARAVATI,https://sai.org.in/en/tender-departments/dwaravati,dwarawati@sai.org.in
DWORD CORE PVT LTD,https://www.easyleadz.com/company/dword-core-private-limited-U72900KA2021PTC153188,"support@easyleadz.com, xxxx@xxx.com, mahanteshbnm26@gmail.com"
DYNATECH SYSTEMS,https://dynatechconsultancy.com/contact-us,sales@dynatechconsultancy.com
E2M SOLUTIONS INC,Not found,No email found
ECLINICALWORKS,https://www.eclinicalworks.com/careers/,hr@eclinicalworks.com.
EDELTA ENTERPRISE SOLUTIONS PVT. LTD,https://edeltaes.com/contact-us/,"hr@edeltaes.com, hello@edeltaes.com"
EINFOCHIP,Not found,No email found
E-INFOCHIPS,Not found,No email found
ELAUNCH SOLUTION PVT. LTD.,Not found,No email found
ELEGANT MICROWEB TECHNOLOGIES PVT. LTD.,https://www.elegantmicroweb.com/contact-us.htm,"info@elegantmicroweb.com, jobs@elegantmicroweb.com"
ELLKAY,Not found,No email found
ELLUMINATI,Not found,No email found
EMERGING 5,http://www.emergingfive.com/,akashtubetraders@gmail.com
EPISTIC TECHNOLOGIES PRIVATE LIMITED,https://www.epistic.net/,"646-222-3866hello@epistic.netHomeAbout, 646-222-3866hello@epistic.net905"
ESCROW INFOTECH,https://escrowinfotech.com/contact-us.html,hr@escrowinfotech.com
ETHICS INFOTECH LLP,https://ethicsinfotech.in/contact-us,"sales@ethicsinfotech.in, careers@ethicsinfotech.in"
EXPOSYS DATA LABS,https://www.exposysdata.com/Contact.html,hr@exposysdata.com
F5 SYSTEM,https://www.f5.com/company/contact/regional-offices,"norwayinfo@f5.com, info@f5.com"
F5 SYSTEMS ,Not found,No email found
FALCON CYBER TECH,Not found,No email found
FIRSTSPORTZ,https://firstsportz.com/contact-us/,Info@firstsportz.com
FUERTE DEVELOPER ,https://www.fuertedevelopers.com/contact_fuertedevelopers.php,"contact@fuertedevelopers.com, info@fuertedevelopers.com"
FUZEMEE,https://www.fuzemee.com/contact,Team@fuzemee.comPhone
FUZZYCLOUD,https://fuzzycloud.in/contact/,contact@fuzzycloud.in
GAGAHEALTH,https://internshala.com/company/gagahealth-1629950989/careers/,"complaints@internshala.com, employer@internshala.com."
GATEWAY,https://thegatewaycorp.com/globaljobs/,"fsd@thegatewaycorp.com, gateway@thegatewaycorp.com"
GENXEL TECHNOLOGY PVT LTD.,https://genxeltechnology.com/contact/,"394101info@genxeltechnology.com, contact@genxeltechnology.com"
GETONCRM,https://getoncrm.com/contact-us/,sales@getoncrm.com
GIRIRAJ INFOTECH,https://www.girirajdigital.com/contact-us/,info@girirajdigital.com
GLIDE TECHNOLOGIES,Not found,No email found
GLYSIS SOFTWARE PRIVATE LIMITED,Not found,No email found
GNFC NCODE SOLUTIONS,Not found,No email found
GOPRONTO,https://lextechsuite.com/GOPRONTO--U72900KA2022PTC158664--41649011,"sales@LawyerServices.in, info@LawyerServices.in, swaroop@gopronto.io"
GOVARDHAN INFOTECH,https://gisurat.com/govardhan/,infotechg87@gmail.com
GROOVY WEB,https://www.groovyweb.co/contact-us,"hello@groovyweb.co, career@groovyweb.co, hr@groovyweb.co"
GROOVY WEB ,https://www.groovyweb.co/contact-us,"hello@groovyweb.co, career@groovyweb.co, hr@groovyweb.co"
GROOVY WEB LLP,https://www.groovyweb.co/contact-us,"hello@groovyweb.co, career@groovyweb.co, hr@groovyweb.co"
GROUNDTRUTH INDIA PRIVATE LIMITED,https://www.groundtruth.com/jobs/,recruiting@groundtruth.com
GROW SOLUTIONS,https://in.linkedin.com/company/grow-solutions-company,hr@growsolutions.in
GURUGRACE CONSULTANCY SERVICES,https://www.salezshark.com/company/gcs-gurugrace-consultancy-service,"name@gcsteq.com., name@gcsteq.com, name@gmail.com"
HATKESH INFOTECH PVT.LTD.,Not found,No email found
HES-SO VALAIS-WALLIS (UNIVERSITY),https://www.hevs.ch/en/job-offers/,"srh@hevs.ch, info@hevs.ch"
HOLOFUSE TECHNOLOGIES,https://holofuse.netlify.app/,holofusetechnologies@gmail.com
HYPERVECT,https://hypervect.com/,transform@hypervect.com
I3 DIGITAL HEALTH,https://www.i3digitalhealth.com/home,careers@i3digitalhealth.com
ICE CUBE DIGITAL,Not found,No email found
IFOUR TECHNOLAB PVT. LTD.,https://www.ifourtechnolab.com/careers,"career@ifourtechnolab.com, urvi@ifourtechnolab.com, info@ifourtechnolab.com"
IGNITE INFOSYS ,https://igniteinfosys.com/contact-us/,"Nepal+977-9851007531info@igniteinfosys.comFollow, Emailinfo@igniteinfosys.cominfosysignite, ADDRESSinfo@igniteinfosys.comOFFICE"
IIT BOMBAY,https://www.iitb.ac.in/contact-us,"gateoffice@iitb.ac.in, jeeadv@iitb.ac.in, ceed@iitb.ac.in, uceed@iitb.ac.in"
INDAPOINT TECHNOLOGIES,Not found,No email found
INDIA ACTIVE SOFTWARE INC.,https://indiaactive.com/career,contact@indiaactive.com
INEURON.AI,https://ineuron.ai/contact-us,"SubmitFootercontact@ineuron.ai, hours.contact@ineuron.ai"
INFICIAL INFOTECH,Not found,No email found
INFINITY INFOWAY,https://infinityinfoway.com/,"job@infinityinfoway.com, info@infinityinfoway.com, support@infinityinfoway.com, info@infinityinfoway.comMobile"
INFOCRYPT SOLUTION,https://infocryptsolution.com/jobs.php,info@infocryptsolution.com
INFOCUSP INNOVATIONS,https://www.infocusp.com/contact_us,inquiries@infocusp.comAbout
INFOPERCEPT CONSULTING PVT. LTD.,https://in.linkedin.com/company/infopercept-consulting-pvt-ltd,"career@infopercept.com, Vidhi.raval@infopercept.com"
INFOSERVOPS,https://www.infoservops.com/career/,"sales@infoservops.com, info@infoservops.com"
INFRAVEO,https://www.infraveo.com/careers/,hello@infraveo.com
INFYUM,https://infyum.com/,"contact@infyum.com, hr@infyum.com"
INNOVENTIX,https://innoventixsolutions.com/contact-us/,"usa@innoventixsolutions.com, canada@innoventixsolutions.com, info@innoventixsolutions.com"
INNOVENTIX SOLUTIONS,https://innoventixsolutions.com/contact-us/,"usa@innoventixsolutions.com, canada@innoventixsolutions.com, info@innoventixsolutions.com"
INTERACTIVE WARRIORS STUDIO PVT LTD,https://in.linkedin.com/company/interactive-warriors,"hr@interactivewarriors.com, interactivewarriors@gmail.com"
INTERNAUTS,https://www.internauts.io/career/,hello@internauts.io
INTRALOGIC IT SOLUTION,https://in.linkedin.com/company/intralogicitsolutions,hr.intralogicitsolutions@gmail.com
INTUITIVE CLOUD,https://dev.intuitive.cloud/contact-us,"support@intuitive.cloud, sales@intuitive.cloud, info@intuitive.cloud, careers@intuitive.cloud"
INTUTIVE CLOUD,Not found,No email found
INVENTYV,https://www.inventyv.com/contact-us,"support@mytaxprepoffice.com, info@inventyv.com"
ITECHSOFT SOLUTION,http://www.itechsoftsolution.com/,info@itechsoft.co
J2ML INGOTECH PVT. LTD,https://www.j2mlinfotech.com/contactus,hello@j2mlinfotech.com
JBSOFTS,https://jbsofts.net/jb/contact/,inquiriescontact@jbsofts.net
JD INFOTECH,https://jdinfotech.net/contact,"live.jdinfotech@gmail.com, harry@jdinfotech.net, sales@jdinfotech.net"
JD INFOTECH ,https://jdinfotech.net/contact,"live.jdinfotech@gmail.com, harry@jdinfotech.net, sales@jdinfotech.net"
JEMISTRY INFO SOLUTIONS LLP,Not found,No email found
JSP DEVELOPERS PVT. LTD.,https://www.jspdevelopers.com/career,contact@jspdevelopers.com
K29 SOLUTIONS,Not found,No email found
KARMALEEN,https://www.karmaleen.com/contact/,"Herehello@karmaleen.comVisit, hello@karmaleen.comPhone"
KARTUM INFOTECH,https://kartuminfotech.com/careers/,"info@kartuminfotech.com, ADDRESSinfo@kartuminfotech.comOFFICE, 24606info@kartuminfotech.comFollow"
KERYAR IT SOLUTIONS,https://keryar.com/joinus,hello@keryar.com
KEY POINT TECHNOLOGIES,https://www.keypoint-tech.com/openings/,"hr@keypoint-tech.com, info@keypoint-tech.com"
KINTU DESIGNS,https://kintudesigns.com/job.html,support@kintudesigns.com
KINTU DESIGNS PVT LTD,Not found,No email found
KIWIQA,Not found,No email found
KODY TECHNOLABS,Not found,No email found
KRISHAWEB,Not found,No email found
KSHATRAINFOTECH PVT LTD.,https://in.linkedin.com/company/kshatrainfotech,"connect@neuramonks.com, hr@neuramoks.com, hr@neuramonks.com"
KURM INFOTECH,https://kurminfotech.in/contact,"info@kurminfotech.in, kurminfotech@gmail.com"
L&T TECHNOLOGY SERVICES,https://www.ltts.com/careers,"TermsPrivacySitemapinfo@ltts.com, applicant.accomodations@ltts.com"
LARSEN & TOUBRO,https://www.larsentoubro.com/corporate/contact-us/,"igrc@larsentoubro.com, infodesk@larsentoubro.com"
LAUNCHPAD TECHNOLOGY,https://www.golaunchpad.io/company/careers,info@golaunchpad.io
LIMBANI SOFTWARES,https://limbanisoftwares.com/get-quote.html,hr@limbanisoftwares.com
LINDE ENGINEERING,https://www.linde.com/contact-us,"Investor.Relations@Linde.com, juan.pelaez@linde.com, anna.davies@linde.com, contactus@linde.com"
LOGICBUZZ INFOTECH LLP,https://logicbuzzinfotech.com/career.html,info@logicbuzzinfotech.com
LSG ASSOCIATE,https://www.lucknowsupergiants.in/contact-us,support@lucknowsupergiants.in
M SQUARE TECHNOLOGIES,https://www.linkedin.com/company/msquare-technology,hr@msquaretechnology.com
M&M,https://www.mm-software.com/en/career/,"Engineeringjobs.india@mm-software.com, 9415-0info@mm-software.com"
MAA KRUPA SOLUTION IT COMPANY,Not found,No email found
MAMO TECHNOLABS,Not found,No email found
MAMO TECHNOLABS LLP,Not found,No email found
MASTEK,Not found,No email found
MASTEK (EVOSYS),Not found,No email found
MATRIX COMSEC PVT LTD,https://www.matrixcomsec.com/about-us/career/,InfoInquiry@MatrixComSec.com1800-258-7747
MATT YOUNG MEDIA ,Not found,No email found
MAXGEN TECHNOLOGIES PVT LTD,Not found,No email found
MEDITAB,https://www.meditab.com/company/our-careers,"1-844-463-3482info@meditab.com, info@meditab.com, recruitment@meditab.com, 1-844-4-Meditabinfo@meditab.com, Recruiting@meditab.com"
MEHTA SOFTECH LLP,https://www.mehtasoftech.com/contact-us/,"Info@gmail.com, info@mehtasoftech.com"
MEHTA SOFTTECH LLP,https://www.mehtasoftech.com/contact-us/,"Info@gmail.com, info@mehtasoftech.com"
MERITORIOUS INFOTECH,https://meritoriousinfotech.com/contact/,"hr@meritoriousinfotech.com, info@meritoriousinfotech.com"
MILLIARD INFOWORLD ,Not found,No email found
MIND INVENTORY,https://www.mindinventory.com/contact-us.php,"sales@mindinventory.com, career@mindinventory.com"
MOKSH INFOTECH PVT.LTD,http://www.mokshainfotech.com/,contact@mokshainfotech.com
MOTOROLA SOLUTIONS,https://learning.motorolasolutions.com/content/contact,"Training.APAC@motorolasolutions.com, trainingvideoandaccess@motorolasolutions.com, Training.LACR@motorolasolutions.com, Training.EMEA@motorolasolutions.com, partners.na@motorolasolutions.com, portal.support@motorolasolutions.com"
M-SQUARE TECHNOLOGIES,https://www.linkedin.com/company/msquare-technology,hr@msquaretechnology.com
MULTIDOTS,https://careers.multidots.com/submit-resume/,john@example.com
NAAZ INFOTECH,Not found,No email found
NE SOLUTION,https://uk.linkedin.com/company/ne-solutions-ltd,sales@nesolutions.co.uk
NEEV TECHNOLOGIES INC,https://www.neeviq.com/careers,hello@neeviq.comHQ
NEOXL,https://in.linkedin.com/company/neomeai,sagar@neomenta.com
NETIZENS TECHNOLOGIES,https://in.linkedin.com/company/netizenstechnologies,careers@netizenstechnologies.com
NETWEB SOFTWARE,https://www.netwebindia.com/career.php,"info@netwebindia.com, sakshi.k@netwebindia.com, himani.jindal@netwebindia.com, hr@netwebindia.com, upasana.srivastava@netwebindia.com, prateek.l@netwebindia.com, arun.l@netwebindia.com, urvashi.k@netwebindia.com"
NETWORLD ,https://visitnetworld.com/jobs-in-rajkot/,"hr@visitnetworld.com, info@visitnetworld.com"
NG TECHASSURANCE PRIVATE LIMITED,Not found,No email found
NISYS SOFTWARE SERVICES,Not found,No email found
NUCLEAR POWER CORPORATION OF INDIA LIMITED (NPCIL),Not found,No email found
NUCLEUS LAB,https://www.nucleusdiagnostics.com/job-openings-and-career-opportunities.html,lab@nucleusdiagnostics.com
OASIS INFOBYTE,https://oasisinfobyte.com/,"contact@oasisinfobyte.in, services.oasisinfobyte@gmail.com"
OCTOWEB INFOTECH,https://www.linkedin.com/company/octoweb,info@octoweb.nl
ODYSSEUS SOLUTIONS,Not found,No email found
OPSHUB TECHNOLOGIES,https://www.opshub.com/careers/,sales@opshub.com
PALLADIUMHUB,https://palladiumhub.com/contact,"maulik@palladiumhub.com, nikul@palladiumhub.com, hr@palladiumhub.com, sales@palladiumhub.com"
PANAMAX,Not found,No email found
PANAMAX INFOTECH LTD,Not found,No email found
PATEL JEWELLERS,https://www.pateljewellers.com/careers,"hradmin.ho@pateljewellers.co, info@pateljewellers.com, careers@pateljewellers.com"
PERFECT SOFTWARE,https://perfectsoftwares.com/contact.php,"info@perfectsoftwares.com, perfectsoftwares2020@gmail.com"
PHOENIX BINARY SYSTEM,https://phoenixbinarysystem.com/contact,admin@phoenixbinarysystem.com
PHPDOTS TECHNOLOGIES,Not found,No email found
PHYCOLINC TECHNOLOGIES PVT LTD,https://krishimandir.in/contact/,"ankit.patel@phycolinc.com, 3429sumeet@phycolinc.com"
PHYSICAL RESEARCH LABORATORY,Not found,No email found
PLANET WEB SOLUTIONS ,Not found,No email found
PLAYPOWER LABS,https://www.playpowerlabs.com/,contact@playpowerlabs.com
PLUTOMEN,https://pluto-men.com/career/,info@pluto-men.com
POULIMA INFOTECH,Not found,No email found
PRAKASH INFOTECH,https://prakashinfotech.com/culture-career,"hr@prakashinfotech.com, info@prakashinfotech.com"
PRAKASH INFOTECH ,https://prakashinfotech.com/culture-career,"hr@prakashinfotech.com, info@prakashinfotech.com"
PRIMAVERA,https://www.primavera-capital.com/contact-us/,"vcbp@primavera-capital.com, media@primavera-capital.com, ir@primavera-capital.com"
PRODEV INFOTECH,https://prodevinfotech.com/career,contact@prodevinfotech.com
PRODIGAL SOFTTECH INDIA PVT. LTD.,https://www.prodigaltech.com/careers,support@prodigaltech.com
PRODUCTSQUADS,https://productsquads.co/,9979544380info@productsquads.co
PROFITFOLIO,Not found,No email found
PYTHER INNOVATIONS PVT LTD,https://www.pyther.com/career/,"info@pyther.com, hr@pyther.com"
QTONZ,https://qtonz.com/contact-us/,"Emailhr@qtonz.comworking, info@qtonz.comWebsite, hr@hopeitz.com, jignesh@qtonz.com, hr@qtonz.comCOntact, hr@qtonz.com"
QUADEVELOPERS,https://quadgen.com/about/careers/,jobs@quadgen.com
QUANTUM IT INNOVATION,https://quantumitinnovation.com/company/contact,"Touchsales@quantumitinnovation.com, 3644Emailsales@quantumitinnovation.comQuick"
QUARKS SYSTEM,https://quarkssystems.com/career/,info@quarkssystems.com
QUARKS SYSTEM ,https://quarkssystems.com/career/,info@quarkssystems.com
R B INFOTECH.,https://rbinfotech.in/RBInfotech/career.php,rbappotential@gmail.com
R K INFOTECH,https://www.rkinfotechindia.com/contact-us/,"sales@rkinfotechindia.com, rkinfotekh@gmail.com, info@rkinfotechindia.com"
RAO INFOTECH,https://raoinformationtechnology.com/company/contact-us/,"hello@raoinformationtechnology.comFor, careers@raoinformationtechnology.com"
RAVEN TECHNOLABS,https://in.linkedin.com/company/raventechnolabs,raventechnolabs@gmail.com
RECRUITCRM,https://recruitcrm.io/open-jobs/,marketing@recruitcrm.io
REDLIO DESIGNS,https://redliodesigns.com/career,"info@redliodesigns.comJoin, hr@redliodesigns.comADDRESSAhmedabad"
REDLIO DESIGNS ,https://redliodesigns.com/career,"info@redliodesigns.comJoin, hr@redliodesigns.comADDRESSAhmedabad"
RENTECH DIGITAL,https://rentechdigital.com/contact-us,"389-9794team@rentechdigital.com, inquireshdhameliya9925@gmail.compayments, Specificationteam@rentechdigital.comSchedule"
RK WEBSOFT TECHNOLOGIES PVT.LTD,https://rkwebsofttech.com/best-it-software-company-in-anand/,"sales@rkwebsofttech.com, CVhr@rkwebsofttech.comCall"
ROCKETCHAT ( VIA GOOGLE SUMMER OF CODE ),Not found,No email found
SAKSHI INFOWAY PVT.LTD,Not found,No email found
SARVADHI,https://www.sarvadhi.com/contact,"atConnect@sarvadhi.comtalent, 9687695523connect@sarvadhi.com, 9687695523Emailtalent@sarvadhi.comApply, 3535Emailconnect@sarvadhi.comhire"
SARVADHI SOLUTIONS PVT LTD,https://www.sarvadhi.com/contact,"atConnect@sarvadhi.comtalent, 9687695523connect@sarvadhi.com, 9687695523Emailtalent@sarvadhi.comApply, 3535Emailconnect@sarvadhi.comhire"
SATVA SOLUTIONS,https://in.linkedin.com/company/satvasolutions,sales@satvasolutions.com
SCALEDGE,https://scaledge.io/Careers.html,"info@scaledge.io, careers@scaledge.io"
SCALELOT TECHNOLOGIES,https://www.scalelot.com/career,info@scalelot.com
SCHNEIDER ELECTRIC INDIA PRIVATE LIMITED,Not found,No email found
SHINE INFOSOFT,https://www.shineinfosoft.in/contactus,info@shineinfosoft.in
SIGNATURE DESIGN AND WEB SOLUTIONS,https://thesignaturepro.com/contact/,"info@thesignaturepro.com, career@thesignaturepro.com"
SILVERTOUCH,https://www.silvertouch.com/contact/,"Iconinfo@silvertouch.caContact, Iconinfo@silvertouch.com, Iconinfo@silvertouchinc.comContact, Iconinfo@silvertouchtech.co.ukContact"
SIMFORM,Not found,No email found
SIMPLIFYPI INC.,https://www.linkedin.com/company/simplifypi,vishal@simplifypi.com
SKYNET GLOBAL GROUP,https://in.linkedin.com/company/skynet-placements,"hr@skynetplacments.com, hr8@skynetplacements.com, hr8@skynetplacement.com"
SKYNETS GLOBAL SYSTEMS,https://www.skynetindia.info/careers.html,hr@skynetindia.info
SKYWINDS SOFTWARE LLP,Not found,No email found
SMOLLAN INDIA PRIVATE LIMITED,https://smollan.com/contact/,marketing@smollan.com
SNAPFIX,https://snapfix.com/contact-us,sales@snapfix.com
SNAPFIX LTD.,https://snapfix.com/careers,"careers@snapfix.com., sales@snapfix.com."
SOCOMMERZ TECHNOLOGIES,https://www.linkedin.com/posts/sourabh-lodha-socommerz_recruitment-hiring-python-activity-7292794825769201664-cuOb,info@socommerz.com
SOFTSTORM INFOSYS,Not found,No email found
SOFTTECHIES,https://softtechies.com/contact-us-02/,"ADDRESSchavdamahesh@softtechies.com, chavdamahesh@softtechies.com"
SOFTWEIRDO SOLUTION ,https://in.linkedin.com/company/softweirdo-solution,hr@softweirdo.com
SOLUTION ONE ERP,https://www.fortunesys.com/contact-us.php,"sales@fortunesys.com, ronak@fortunesys.com"
SOLVATIVE,https://solvative.breezy.hr/,careers@solvative.com.Flexible
"SPACE APPLICATIONS CENTRE, ISRO",Not found,No email found
SPARKS TO IDEAS,Not found,No email found
SPECTRICS SOLUTIONS ,https://spectricssolutions.com/career/,info@spectricssolutions.com
SPREADD.IO,Not found,No email found
SQUAD TECHNOLOGIES,https://www.squadtechnologies.com/contact-us/,info@squadtechnologies.com
SQUAD TECHNOLOGIES ,https://www.squadtechnologies.com/contact-us/,info@squadtechnologies.com
SSM INFOTECH SOLUTIONS PVT. LTD.,https://www.ssminfotech.biz/contactus,"software.support@ssm-infotech.comwwsupport, mkt@ssm-infotech.comCustomer, mkt@ssm-infotech.com, hr@ssm-infotech.com"
START-TECH ACADEMY,Not found,No email found
STERP SOFTWARE PVT LTD,https://www.shantitechnology.com/career,"Sales.mumbai@sterpsoftware.com, sales.pune@sterpsoftware.com, sales.indore@sterpsoftware.com, sales.amd@sterpsoftware.com, sales@shantitechnology.com, sales@sterpsoftware.com"
STPL,https://www.stpl.com/career-form-laser.asp,contact@stpl.com
SUREKHA,Not found,No email found
SUTISH TECH SOLUTIONS,https://www.sutishtechsolutions.com/career/,info@sutishtechsolutions.com
SUVEN CONSULTANT & TECHNOLOGY PVT. LTD.,Not found,No email found
SYNOPTEK,https://synoptek.com/contact-us/,"salesinquiries@synoptek.com, customersupport@synoptek.com"
TALENT SYSTEMS,https://www.talentsystems.com/careers/,marketing@talentsystems.com
TATVASOFT,Not found,No email found
TCS,https://g91.tcsion.com/iDH/careers/Cart,"careers@tcs.com, head.talentacquistion@tcs.com, xplore.support@tcs.com, CBOCampus.support1@tcs.com"
TECBLIC,https://in.linkedin.com/company/tecblic,hr@tecblic.com
TECH HOLDING,https://techholding.co/contact,info@techholding.co
TECHIEBUTLER,Not found,No email found
TECHMATES SOLUTIONS,https://techmates-solutions.com/,hr@techmates-solutions.com
TECHNOTECH INDIA,https://www.technotechindia.com/careers/,"hr@technotechindia.com, technotechindia@yahoo.com, info@technotechindia.com"
TECHOMAX SOLUTION,https://in.linkedin.com/company/techomax-solution,hr@techomaxsolution.com
TECHROVER SOLUTIONS,https://www.techrover.us/career/,"hello@techrover.us, hr@techroversolutions.com"
TECHROVER SOLUTIONS PVT LTD ,https://www.techrover.us/career/,"hello@techrover.us, hr@techroversolutions.com"
TECHSMITH SOLUTIONS PVT. LTD,https://in.linkedin.com/company/techsmith-software-solutions-pvt-ltd,techsmith44@gmail.com
TECPLIX TECHNOLOGIES,https://tecplix.com/contact-us/,"info@tecplix.com, hire@tecplix.com"
TECTONA SOFTSOLUTIONS PVT. LTD,Not found,No email found
TENACIOUS TECHIES,https://www.tenacioustechies.com/careers/,"contact@tenacioustechies.com, hr@tenacioustechies.com."
THE WILDTIGERS TECHNOLOGIES,https://www.thewildtigers.com/career.html,"account@thewildtigers.com, hr@thewildtigers.com, info@thewildtigers.com"
THOMSON REUTERS,https://www.thomsonreuters.in/en/about-us/contact-us.html,"nyc.equities.newsroom@news.reuters.com, Catriona.mackness@thomsonreuters.com, Vishal.parekh@thomsonreuters.com, heather.carpenter@thomsonreuters.com, jamie.austin@thomsonreuters.com, Pradeep.lankapalli@thomsonreuters.com, editorial.booking@thomsonreuters.com, Shreeram.varahan@thomsonreuters.com"
TLK INDUSTRIES PRIVATE LIMITED ,Not found,No email found
TOSHAL INFOTECH,https://www.toshalinfotech.com/Contact-Us,"career@toshalinfotech.com, contactus@toshalinfotech.com, hr@toshalinfotech.com"
TRIDHYA TECH,https://www.tridhyatech.com/careers/,info@tridhyatech.com
TRIRID TECHNOLOGIES ,https://tririd.com/career,sale@tririd.com
TRIVENI GLOBAL SOFTWARE SERVICES LLP,https://triveniglobalsoft.com/contact-us/,"Ltd.Puneinfo@triveniglobalsoft.com, info@tridentglobal.ai, Vegasinfo@tridentglobal.ai, hr@triveniglobalsoft.comIndia, info@triveniglobalsoft.comIndia, LLPAhmedabadinfo@triveniglobalsoft.com, LLPSuratinfo@triveniglobalsoft.com, info@triveniglobalsoft.com"
TRIZ INNOVATION,https://www.salezshark.com/company/triz-innovation-pvt-ltd,"name@gmail.com, name@trizinnovation.com, name@trizinnovation.com."
TRIZ INNOVATION PVT LTD,https://cleartax.in/f/company/triz-innovation-private-limited/U64202GJ2004PTC044174/,"kalpesh@triz.co.in, kalpesh@triz.co.inRegistered"
TROOPR,https://www.troopr.ai/pricing,"Producthunthello@troopr.io, hello@troopr.io"
TRUCKBAZI,Not found,No email found
TRYON INFOTECH,https://in.linkedin.com/company/tryoninfosoft,"info@tryoninfosoft.com, tryoninfosoft@gmail.com"
TURQUOIC,Not found,No email found
UCI,https://career.uci.edu/about/contact-us/,"career@uci.edu., career@uci.edu"
UCI/ WEBELIGHT,Not found,No email found
UNITECH TECHNOCRATS PVT.LTD,http://career.utplindia.in/,"sales@utplindia.in, info@utplindia.in"
UNITEIT ,https://uniteit.org/contact/,uniteitorg@gmail.com
UNUSED BRAIN,Not found,No email found
URBANO INFOTECH PVT LTD,https://urbanoinfotech.com/,Number+91-8107115738Emailconnect@urbanoinfotech.com
URDHVA TECH PVT. LTD.,https://www.urdhva-tech.com/contact-us,contact@urdhva-tech.com
URL ASEPTIC AUTOMATION INC.,https://urlautomation.com/,info@urlautomation.com
VAISTRA TECHNOLOGIES PRIVATE LIMITED,https://www.linkedin.com/posts/vaistra-technologies-pvt-ltd_we-are-hiring-vaistra-technologies-private-activity-7222113718354997249-o5yt,"sushmitha.prabhakar@landmarkgroup.in, nupur@jigsawinc.in., hr@vaistratechnologies.com, kalpesh@vaistratechnologies.com, diksha@theproramp.com"
VASUNDHARA INFOTECH LLP,https://vasundhara.io/career,7359349940Companyinfo@vasundhara.ioHRhr
VAYANA NETWORKS,Not found,No email found
VED TECHNOSERVE INDIA PVT.LTD,https://www.sambhaav.com/wp-content/uploads/2020/11/Annual-Report-2019-20-VED-Technoserve-India-Private-Limited-1.pdf,"0@f.rs, s@6.E"
VEDICAN TECHNOLOGY,https://www.vedicantechnology.com/contact,Toocontact@vedicantechnology.com
VIEH GROUP,https://viehgroup.com/contact/,support@viehgroup.com
VIHAA INFOTECH,Not found,No email found
VIITORCLOUD,Not found,No email found
VIITORCLOUD ,Not found,No email found
VISANKA TECHNOLOGIES ,https://www.visankatechnologies.com/contact-us.php,"sales@visankatechnologies.com, Sales@visankatechnologies.com, info@visankatechnologies.com"
VISUREAL,Not found,No email found
VIVANSH INFOTECH,https://www.vivanshinfotech.com/contact-us.html,"hello@vivanshinfotech.com, careers@vivanshinfotech.com"
VOYSE DIGITAL,https://voysedigital.com/,0799102E-mailbusiness@voysedigital.com03Opening
VPN INFOTECH,Not found,No email found
VRINDI,https://www.vrindi.com/jobs/HR/apply,hr@vrindi.com
VRISINI TECHNOLOGIES,Not found,No email found
WAY2CIS,https://way2cis.com/career.html,macs@way2cis.com
WEB BRAINS TECHNOLOGIES PVT LTD,https://www.webbrainstechnologies.com/careers/,"Resumehr@webbrainstechnologies.com, info@www.webbrainstechnologies.com"
WEB STRATEGIC,Not found,No email found
WEBBRAINS TECHNOLOGIES,https://www.webbrainstechnologies.com/careers/,"Resumehr@webbrainstechnologies.com, info@www.webbrainstechnologies.com"
WEBBYGENIUS INFOTECH ,https://webbygenius.com/contact-us/,"Emailhr@webbygenius.com, hr@webbygenius.com"
WEBCARE INFOWAY,Not found,No email found
WEBCLUES INFOTECH LLP,Not found,No email found
WEBEARL TECHNOLOGIES PRIVATE LIMITED,Not found,No email found
WEBELIGHT SOLUTIONS,https://in.linkedin.com/company/webelight-solutions,career@webelight.co.in
WEBILIGHT,Not found,No email found
WEBITO INFOTECH,Not found,No email found
WEBMIGRATES TECHNOLOGIES,https://in.linkedin.com/company/webmigrates-technologies,hr.webmigrates@gmail.com
WEBMIGRATES TECHNOLOGIES ,https://in.linkedin.com/company/webmigrates-technologies,hr.webmigrates@gmail.com
WEBMOBI TECHNOLOGIES,Not found,No email found
WEBOSPHERE TECHNOLABS LLP ,https://webosphere.in/contact-us/,info@webosphere.in
WEETECH SOLUTION PVT LTD,https://www.weetechsolution.com/career,info@weetechsolution.com
WISEDV,https://in.linkedin.com/company/wisedv,jobs@wisedv.com.
XATCH SOFTWARE INC.,Not found,No email found
XTEND VALUE,https://www.easyleadz.com/company/xtend-value-private-limited-U72900MH2019PTC332291,"support@easyleadz.com, xxxx@xxx.com, rutuja.xtend@gmail.com"
YORK IE- ACW,https://york.ie/careers/,talent@york.ie.
ZECHROME TECHNOLOGIES LLP,https://zechrometechnologies.com/career/,"info@zechrome.com, support@zechrome.com, sales@zechrome.com"
ZENCHIP,Not found,No email found
ZEROBUCK TECHNOLOGIES,Not found,No email found
ZIBMA INFOTECH,Not found,No email found
ZIGNUTS,https://www.zignuts.com/career,"talent@zignuts.com, Inquiryhello@zignuts.com, Inquiryhr@zignuts.com"
ZIGNUTS TECHNOLABS,https://www.zignuts.com/career,"talent@zignuts.com, Inquiryhello@zignuts.com, Inquiryhr@zignuts.com"
Alphadev infotech private limited.,Not found,No email found
Reliance Industries Lmt.,https://www.ril.com/contact-us,info@ril.com
MBH Technologies Pvt. Ltd.,https://mbhtechnologies.com/Home/career,"careers@mbhtechnologies.com, info@mbhtechnologies.com"
UNIKWORK,https://unikwork.com/contact-us,"hr@unikwork.com, info@unikwork.com"
Tark Technologies,https://tarktech.com/career/,80609connect@tarktech.comlive
AAGITE TECHNOLOGIES ,http://www.aagitetech.com/career/,"info@aagitetech.com, jay@aagitetech.com, hr@aagitetech.com"
ProjectTree,https://projecttree.in/career/,hr@projecttree.in
POTENZA GLOBAL SOLUTIONS ,https://www.potenzaglobalsolutions.com/contact-us,"info@potenzaglobalsolutions.com, Jobs@potenzaglobalsolutions.com, hradmin@potenzaglobalsolutions.com, Info@potenzaglobalsolutions.com"
Skyline Infosys,https://in.linkedin.com/company/skylineinfosys,info@skylineinfosys.com
Nettyfy Technologies ,Not found,No email found
iRoid Solutions ,https://iroidsolutions.com/career,"hr@iroidsolutions.inDaxesh, business@iroidsolutions.inHR"
TECHUP SOFT SOLUTION,https://www.linkedin.com/posts/techupsoftsolutions_hiring-activity-7288897047825403904-kLbc,"ishita.kamani@reelo.io, info@anantadigicraft.com, saloni.ramnani@scoutforu.com"
Madhav Technologies,https://www.madhavtechnologies.co.in/mapview/22.2851099/73.1325809,"projects@madhavtechnologies.comOther, projects@madhavtechnologies.com"
IIT Mandi,https://www.iitmandi.ac.in/directory,"meena@ihubiitmandi.in, baldev85thakur@gmail.com, salik@iitmandicatalyst.in, santoshkumar150297@gmail.com, eempd3.cpwd@gmail.com, sunilkumar.qc@gmail.com, deepak@ihubiitmandi.in, D21071@students.iitmandi.ac.in, gaurav.parulkar@iitmandicatalyst.in, kushal_bhatia@projects.iitmandi.ac.in, akashk_rao@projects.iitmandi.ac.in, D23103@students.iitmandi.ac.in, sharmaramlal33@gmail.com, ceo@ihubiitmandi.in, ravinder@iitmandicatalyst.in, sahil@ihubiitmandi.in, suniliitmandi@gmail.com, basant@ihubiitmandi.in, kulbhushan@ihubiitmandi.in, nkgoel@hy.iitr.ac.in, ashwanithakur7722@gmail.com, D22088@students.iitmandi.ac.in, anuj@ihubiitmandi.in, ankush@ihubiitmandi.in, sonmati@ihubiitmandi.in, kushal@iitmandicatalyst.in, dileep@ihubiitmandi.in, gurpreet@iitmandicatalyst.in, moumitachakraborty59@gmail.com, khem_chand@projects.iitmandi.ac.in, Avnish@ihubiitmandi.in, kailashpal19912@gmail.com, gm@iitmandicatalyst.in, anand_giri@projects.iitmandi.ac.in, shrawan@ihubiitmandi.in, ramsinghmnd@gmail.com, accounts@iitmandicatalyst.in, shashwat@iitmandicatalyst.in, mndse-iitm@cpwd.gov.in, minni@iitmandicatalyst.in, jetender@iitmandicatalyst.in, anjna@ihubiitmandi.in, thakurdj78070@gmail.com, sarikasha1506@gmail.com, D22004@students.iitmandi.ac.in, finance@iitmandicatalyst.in, jatin_sharma@projects.iitmandi.ac.in, D21029@students.iitmandi.ac.in, abhishek@iitmandicatalyst.in, satvasheel@iitmandicatalyst.in, karamsingh.iitmandi@gmail.com, volga@ihubiitmandi.in, ajeetsinghthakur1987@gmail.com, D23139@students.iitmandi.ac.in, rahul@ihubiitmandi.in, registrar@iitmandi.ac.in, rajkumaruk1970@gmail.com, naveen@ihubiitmandi.in, prodipta@projects.iitmandi.ac.in, printi@ihubiitmandi.in, rajan.kapur@larankelo.com, D21093@students.iitmandi.ac.in, gaurav@ihubiitmandi.in, D23264@students.iitmandi.ac.in, pankaj.singta@adfactorspr.com, bhuri.iitmandi@gmail.com, pd@ihubiitmandi.in, catalystcaretaker@gmail.com"
Welwin Infotech India,https://in.linkedin.com/company/welwin-infotech-india-llp,hr@welwin.co.uk
ProweSolution Private Limited,Not found,No email found
The Wild tigers technologies,https://www.thewildtigers.com/career.html,"account@thewildtigers.com, hr@thewildtigers.com, info@thewildtigers.com"
Cactus Creatives Pvt. Ltd.,Not found,No email found
eSparkBiz Technologies Pvt Ltd,Not found,No email found
HexaScal Technologies,https://www.hexascal.com/career,"sales@hexascal.com, info@hexascal.com, hexascal@gmail.comCall"
Analog Cloudtech Pvt Ltd,https://analogcloudtech.com/,support@analogcloudtech.com
FeelTech Solutions Private Limited,Not found,No email found
VARNI INFOTECCH,https://varniinfotech.net/,support@varniinfotech.net
MCT IT SOLUTIONS PVT LTD,https://in.linkedin.com/company/mctit,mct@miraclecloud-technology.com
Cloudus infotech pvt. Ltd.,https://in.linkedin.com/company/cloudus-infotech,info@cloudusinfotech.com
cWiser Infotech,Not found,No email found
SADHRASYA SOFTTECH PRIVATE LIMITED,Not found,No email found
rjsquare,https://www.rjsquareinfotech.com/,info@rjsquareinfotech.com
Ample Infotech ,https://ampleinfotech.com/,info@ampleinfotech.com
Kpeworld media tech pvt ltd,https://www.kpeworld.com/,info@kpeworld.com
Param Software,https://www.paramsoftware.com/career,mail@paramsoftware.com
Tech Elecon Pvt. Ltd.,Not found,No email found
Asquarex,Not found,No email found
DRDO INDUSTRY ACADEMIA SARDAR VALLABH BHAI PATEL CENTRE OF EXCELLENCE,https://diasvpcoe.gujaratuniversity.ac.in/Home/contact,sc-diasvpcoe@gujaratuniversity.ac.in
Memento Tech,https://mementotech.in/contact.html,"hello@mementotech.in, sb.dodia@gmail.com, mementotechnologies@gmail.com"
Adept digital private limited ,Not found,No email found
Izonnet Web solutions ,http://www.izonnet.com/Contact-Us,info@izonnet.com
Shaural infotech ,https://www.shaural.com/career,"email@shaural.com, email@hotsoft.be, email@staunchsoftware.com, vinay@diamtrade.com"
Ladila Infotech,Not found,No email found
Secure Infotech ,https://www.securemetasys.com/career/,"hr@securemetasys.com, info@securemetasys.com"
Miracle TechnoLabs,https://miracletechnolabs.com/contact/,info@miracletechnolabs.com
Digiteon,https://digiteon.com/contact/,"career@digiteon.com, info@digiteon.com"
Binary Geckos,Not found,No email found
Mediaf5,https://mediaf5.com/contact-us/,info@mediaf5.com
Top Search,https://www.linkedin.com/posts/kshitijmishra27_hr-email-ids-of-top-500-indian-companies-activity-7253417893189615616-AvR1,"career@sarrthi.com, admin@tatti.in"
Dcoded Innovations LLP.,https://dcoded.in/,Usinfo@dcoded.inCall
BosLeo Technology Private Limited,https://in.linkedin.com/company/bosleollc,hr@bosleo.com
Skyward Techno Solutions Pvt Ltd,https://in.linkedin.com/company/skyward-techno-solutions-pvt-ltd-,info@skywardtechno.com
GN WEBSOFT PVT. LTD.,https://www.gnwebsoft.com/contact-us,info@gnwebsoft.com
Teksun,Not found,No email found
Clumoss,https://in.linkedin.com/company/clumoss,"services@clumoss.com., info@clumoss.com"
Digital Ipsum,https://in.linkedin.com/company/digitalipsumin,hr@digitalipsum.in
Softrica – IT Service,https://www.softrica.com/,"onum_company@mail.com, contact@softrica.com"
Collebra,https://collabera.com/contact-us/contact-us/,info@collabera.com